{"cameraMode":{"drawMode":0,"name":"Shaded","section":"Shading Mode"},"sceneLighting":false,"audioPlay":false,"sceneViewState":{"m_AlwaysRefresh":false,"showFog":true,"showSkybox":false,"showFlares":true,"showImageEffects":true,"showParticleSystems":true,"showVisualEffectGraphs":true,"m_FxEnabled":true},"in2DMode":false,"pivot":{"x":0.05074995756149292,"y":0.25718140602111819,"z":0.029926836490631105},"rotation":{"x":-0.05651054158806801,"y":-0.9337486028671265,"z":0.17020192742347718,"w":-0.30983343720436098},"size":1.0900284051895142,"orthographic":false}